[['VBG', 'evaluating'], ['RB', 'algorithm']],
[['NNS', 'implements'], ['RB', 'algorithm']],
[['JJ', 'distinct'], ['NN', 'function'], ['NNS', 'implements'], ['ADD', 'algorithm']],
[['NN', 'hash'], ['ADD', 'algorithm']],
[['NNP', 'bidi'], ['ADD', 'algorithm']],
[['NN', 'encryption'], ['ADD', 'algorithm']],
[['NN', 'compression'], ['ADD', 'algorithm']],
[['NN', 'signature'], ['NN', 'algorithm']],
[['VBG', 'following'], ['RB', 'algorithm']],
[['JJ', 'key'], ['ADD', 'algorithm']],
[['JJS', 'digest'], ['ADD', 'algorithm']],
[['NN', 'control'], ['ADD', 'algorithm']],
[['NNP', 'cipher'], ['ADD', 'algorithm']],
[['VBG', 'hashing'], ['RB', 'algorithm']],
[['NN', 'search'], ['ADD', 'algorithm']],
[['JJ', 'public'], ['NN', 'key'], ['NN', 'algorithm']],
[['RB', 'sort'], ['RB', 'algorithm']],
[['NN', 'rate'], ['NN', 'control'], ['NN', 'algorithm']],
[['NN', 'implementation'], ['ADD', 'algorithm']],
[['NN', 'selection'], ['ADD', 'algorithm']],
[['JJ', 'valid'], ['NN', 'algorithm']],
[['NN', 'update'], ['ADD', 'algorithm']],
[['JJ', 'secure'], ['NN', 'hash'], ['RB', 'algorithm']],
[['VBG', 'hinting'], ['RB', 'algorithm']],
[['NN', 'scheduling'], ['RB', 'algorithm']],
[['NN', 'decoder'], ['ADD', 'algorithm']],
[['NN', 'memory'], ['TO', 'na'], ['RB', 'algorithm']],
[['JJ', 'current'], ['NN', 'algorithm']],
[['UH', 'pbe'], ['ADD', 'algorithm']],
[['VBN', 'given'], ['RB', 'algorithm']],
[['NFP', 'fg'], ['ADD', 'algorithm']],
[['NN', 'inverse'], ['NNS', 'bidi'], ['ADD', 'algorithm']],
[['NN', 'crypto'], ['RB', 'algorithm']],
[['VB', 'use'], ['ADD', 'algorithm']],
[['NN', 'exchange'], ['NN', 'algorithm']],
[['VBG', 'according'], ['RB', 'algorithm']],
[['NN', 'detection'], ['ADD', 'algorithm']],
[['NN', 'optimization'], ['VBP', 'introduce'], ['JJ', 'observable'], ['NNS', 'changes'], ['VBN', 'specified'], ['NN', 'behaviour'], ['NN', 'algorithm']],
[['NN', 'default'], ['ADD', 'algorithm']],
[['VBG', 'signing'], ['RB', 'algorithm']],
[['NNP', 'hmac'], ['ADD', 'algorithm']],
[['VBN', 'optimized'], ['RB', 'algorithm']],
[['VBG', 'sorting'], ['RB', 'algorithm']],
[['JJ', 'new'], ['ADD', 'algorithm']],
[['NN', 'type'], ['ADD', 'algorithm']],
[['VBG', 'charging'], ['RB', 'algorithm']],
[['JJ', 'recursive'], ['NN', 'algorithm']],
[['NN', 'conflict'], ['ADD', 'algorithm']],
[['VB', 'note'], ['RB', 'algorithm']],
[['NNS', 'nagles'], ['RB', 'algorithm']],
[['NN', 'samevalue'], ['ADD', 'algorithm']],
[['NNP', 'abort'], ['ADD', 'algorithm']],
[['NN', 'pointer'], ['ADD', 'algorithm']],
[['JJ', 'quick'], ['RB', 'sort'], ['RB', 'algorithm']],
[['JJ', 'different'], ['ADD', 'algorithm']],
[['NN', 'allocation'], ['ADD', 'algorithm']],
[['CD', 'base64'], ['ADD', 'algorithm']],
[['LS', 'md5'], ['ADD', 'algorithm']],
[['VBG', 'decoding'], ['RB', 'algorithm']],
[['NFP', 'spec'], ['ADD', 'algorithm']],
[['NN', 'resolution'], ['ADD', 'algorithm']],
[['VBN', 'based'], ['RB', 'algorithm']],
[['VBG', 'matching'], ['RB', 'algorithm']],
[['VBZ', 'uses'], ['RB', 'algorithm']],
[['NN', 'output'], ['NN', 'block'], ['VBN', 'optimized'], ['NN', 'algorithm']],
[['NN', 'unicode'], ['NNS', 'bidi'], ['NN', 'algorithm']],
[['NN', 'propagation'], ['ADD', 'algorithm']],
[['VBG', 'routing'], ['RB', 'algorithm']],
[['VB', 'run'], ['VBG', 'following'], ['RB', 'algorithm']],
[['NNS', 'restrictions'], ['NN', 'memory'], ['TO', 'na'], ['RB', 'algorithm']],
[['NN', 'interpolation'], ['ADD', 'algorithm']],
[['JJ', 'simple'], ['RB', 'algorithm']],
[['JJ', 'basic'], ['ADD', 'algorithm']],
[['JJ', 'specific'], ['ADD', 'algorithm']],
[['VB', 'match'], ['ADD', 'algorithm']],
[['NN', 'checksum'], ['ADD', 'algorithm']],
[['NFP', 'api'], ['ADD', 'algorithm']],
[['NN', 'description'], ['VBG', 'checking'], ['RB', 'algorithm']],
[['NN', 'resource'], ['NN', 'selection'], ['ADD', 'algorithm']],
[['NN', 'value'], ['ADD', 'algorithm']],
[['VBG', 'sizing'], ['RB', 'algorithm']],
[['VBG', 'scaling'], ['RB', 'algorithm']],
[['NN', 'transformation'], ['ADD', 'algorithm']],
[['JJ', 'bidirectional'], ['ADD', 'algorithm']],
[['NFP', 'sfrcacc'], ['ADD', 'algorithm']],
[['NN', 'estimation'], ['ADD', 'algorithm']],
[['VBG', 'encoding'], ['RB', 'algorithm']],
[['JJ', 'key'], ['NN', 'exchange'], ['NN', 'algorithm']],
[['VBD', 'returned'], ['RB', 'algorithm']],
[['VB', 'check'], ['RB', 'algorithm']],
[['NN', 'rate'], ['VBG', 'scaling'], ['RB', 'algorithm']],
[['NN', 'sequence'], ['ADD', 'algorithm']],
[['VB', 'copy'], ['RB', 'algorithm']],
[['NN', 'message'], ['NN', 'digest'], ['NN', 'algorithm']],
[['VBN', 'specified'], ['RB', 'algorithm']],
[['NN', 'management'], ['NN', 'algorithm']],
[['NN', 'crypto'], ['NFP', 'api'], ['ADD', 'algorithm']],
[['NN', 'soundex'], ['ADD', 'algorithm']],
[['RB', 'multiply'], ['ADD', 'algorithm']],
[['CD', 'md5'], ['JJS', 'messagedigest'], ['ADD', 'algorithm']],
[['JJ', 'bulk'], ['NN', 'encryption'], ['ADD', 'algorithm']],
[['VBN', 'initialized'], ['RB', 'algorithm']],
[['JJ', 'original'], ['ADD', 'algorithm']],
[['NNS', 'details'], ['RB', 'algorithm']],
[['NN', 'conflict'], ['NN', 'resolution'], ['ADD', 'algorithm']],
[['NN', 'end'], ['ADD', 'algorithm']],
[['JJ', 'unicode'], ['JJ', 'bidirectional'], ['NN', 'algorithm']],
[['NN', 'authentication'], ['ADD', 'algorithm']],
[['NN', 'default'], ['NN', 'sizing'], ['RB', 'algorithm']],
[['NNP', 'codec'], ['ADD', 'algorithm']],
[['NN', 'encoder'], ['ADD', 'algorithm']],
[['VBN', 'fixed'], ['RB', 'algorithm']],
[['NN', 'context'], ['ADD', 'algorithm']],
[['JJ', 'downward'], ['NN', 'propagation'], ['NN', 'algorithm']],
[['NN', 'fairness'], ['ADD', 'algorithm']],
[['NFP', 'gcd'], ['ADD', 'algorithm']],
[['JJ', 'iterative'], ['ADD', 'algorithm']],
[['NN', 'load'], ['ADD', 'algorithm']],
[['NN', 'policy'], ['NN', 'algorithm']],
[['VB', 'deflate'], ['ADD', 'algorithm']],
[['JJ', 'correct'], ['ADD', 'algorithm']],
[['JJ', 'binary'], ['NN', 'search'], ['ADD', 'algorithm']],
[['JJ', 'particular'], ['ADD', 'algorithm']],
[['NN', 'function'], ['RB', 'algorithm']],
[['NNS', 'data'], ['ADD', 'algorithm']],
[['NN', 'state'], ['ADD', 'algorithm']],
[['VBN', 'defined'], ['RB', 'algorithm']],
[['RB', 'fallback'], ['RB', 'algorithm']],
[['NN', 'partition'], ['ADD', 'algorithm']],
[['LS', 'lz4'], ['JJ', 'fast'], ['DT', 'lz'], ['NN', 'compression'], ['ADD', 'algorithm']],
[['VB', 'merge'], ['RB', 'algorithm']],
[['NNS', 'tarjans'], ['ADD', 'algorithm']],
[['NNP', 'modeline'], ['VBN', 'based'], ['NNP', 'gtf'], ['RB', 'algorithm']],
[['NFP', 'ecc'], ['ADD', 'algorithm']],
[['NNS', 'effects'], ['NNS', 'restrictions'], ['NN', 'memory'], ['TO', 'na'], ['RB', 'algorithm']],
[['NNP', 'auth'], ['ADD', 'algorithm']],
[['NN', 'congestion'], ['NN', 'control'], ['NN', 'algorithm']],
[['NNP', 'crc'], ['ADD', 'algorithm']],
[['NFP', 'rc'], ['ADD', 'algorithm']],
[['NNP', 'nagle'], ['ADD', 'algorithm']],
[['VBG', 'seeking'], ['RB', 'algorithm']],
[['JJ', 'straightforward'], ['ADD', 'algorithm']],
[['LS', 'sha1'], ['JJ', 'secure'], ['NN', 'hash'], ['RB', 'algorithm']],
[['VB', 'lookup'], ['ADD', 'algorithm']],
[['NN', 'tree'], ['ADD', 'algorithm']],
[['NN', 'content'], ['NN', 'encryption'], ['ADD', 'algorithm']],
[['NN', 'step'], ['CD', '3'], ['ADD', 'algorithm']],
[['JJ', 'main'], ['NN', 'algorithm']],
[['VBN', 'supported'], ['RB', 'algorithm']],
[['NN', 'error'], ['ADD', 'algorithm']],
[['JJ', 'second'], ['RB', 'algorithm']],
[['JJ', 'actual'], ['ADD', 'algorithm']],
[['CD', '1'], ['ADD', 'algorithm']],
[['NN', 'processing'], ['RB', 'algorithm']],
[['JJ', 'subject'], ['JJ', 'public'], ['NN', 'key'], ['NN', 'algorithm']],
[['NNP', 'queue'], ['RB', 'algorithm']],
[['NN', 'division'], ['RB', 'algorithm']],
[['VBG', 'clustering'], ['RB', 'algorithm']],
[['JJ', 'standard'], ['ADD', 'algorithm']],
[['NNP', 'min'], ['RB', 'algorithm']],
[['NN', 'metaphone'], ['RB', 'algorithm']],
[['NNP', 'core'], ['ADD', 'algorithm']],
[['VBD', 'split'], ['RB', 'algorithm']],
[['NN', 'generation'], ['ADD', 'algorithm']],
[['RBR', 'better'], ['ADD', 'algorithm']],
[['VB', 'install'], ['RB', 'algorithm']],
[['JJ', 'assign'], ['NN', 'value'], ['VBN', 'returned'], ['RB', 'algorithm']],
[['VB', 'append'], ['NN', 'error'], ['ADD', 'algorithm']],
[['VBG', 'cloning'], ['RB', 'algorithm']],
[['RB', 'potentially'], ['VBN', 'malformed'], ['NN', 'input'], ['VBG', 'decoding'], ['NN', 'algorithm']],
[['VBN', 'chosen'], ['ADD', 'algorithm']],
[['VBN', 'selected'], ['RB', 'algorithm']],
[['JJ', 'binary'], ['.', 'gcd'], ['ADD', 'algorithm']],
[['NN', 'priority'], ['ADD', 'algorithm']],
[['NN', 'block'], ['RB', 'algorithm']],
[['VBN', 'based'], ['VBN', 'given'], ['NN', 'bulk'], ['NN', 'encryption'], ['NN', 'key'], ['ADD', 'algorithm']],
[['NN', 'description'], ['ADD', 'algorithm']],
[['VBN', 'set'], ['RB', 'algorithm']],
[['NN', 'structure'], ['RB', 'algorithm']],
[['NNS', 'data'], ['CD', '842'], ['NN', 'algorithm']],
[['NN', 'change'], ['ADD', 'algorithm']],
[['JJ', 'similar'], ['ADD', 'algorithm']],
[['NN', 'object'], ['NN', 'algorithm']],
[['NNS', 'specifies'], ['VBG', 'signing'], ['RB', 'algorithm']],
[['NN', 'adapter'], ['ADD', 'algorithm']],
[['JJ', 'asynchronous'], ['NN', 'compression'], ['ADD', 'algorithm']],
[['VBN', 'delayed'], ['NN', 'sack'], ['NN', 'algorithm']],
[['NN', 'operation'], ['NNS', 'bidi'], ['ADD', 'algorithm']],
[['JJ', 'synchronous'], ['NN', 'compression'], ['ADD', 'algorithm']],
[['JJ', 'logical'], ['JJ', 'visual'], ['ADD', 'algorithm']],
[['VB', 'run'], ['VBG', 'charging'], ['RB', 'algorithm']],
[['NFP', 'lc'], ['ADD', 'algorithm']],
[['LS', 'i2c'], ['ADD', 'algorithm']],
[['NN', 'eviction'], ['ADD', 'algorithm']],
[['LS', 'v2'], ['ADD', 'algorithm']],
[['NN', 'validation'], ['ADD', 'algorithm']],
[['NNP', 'password'], ['VBN', 'based'], ['NN', 'encryption'], ['ADD', 'algorithm']],
[['NNP', 'backoff'], ['ADD', 'algorithm']],
[['NFP', 'aec'], ['ADD', 'algorithm']],
[['CD', 'sha512'], ['NN', 'hash'], ['NN', 'algorithm']],
[['CD', 'sha256'], ['ADD', 'algorithm']],
[['NN', 'timestretch'], ['ADD', 'algorithm']],
[['LS', 'sha1'], ['RB', 'algorithm']],
[['VB', 'encrypt'], ['ADD', 'algorithm']],
[['JJ', 'unknown'], ['RB', 'algorithm']],
[['UH', 'longestmatch'], ['ADD', 'algorithm']],
[['NNP', 'bulk'], ['RB', 'algorithm']],
[['NNP', 'id'], ['RB', 'algorithm']],
[['NN', 'conversion'], ['ADD', 'algorithm']],
[['VBN', 'structured'], ['VBG', 'cloning'], ['RB', 'algorithm']],
[['VBN', 'structured'], ['NN', 'clone'], ['RB', 'algorithm']],
[['JJ', 'raw'], ['NN', 'algorithm']],
[['NN', 'layout'], ['RB', 'algorithm']],
[['VB', 'join'], ['RB', 'algorithm']],
[['VB', 'register'], ['ADD', 'algorithm']],
[['VBG', 'balancing'], ['RB', 'algorithm']],
[['NN', 'insertion'], ['ADD', 'algorithm']],
[['VB', 'fill'], ['RB', 'algorithm']],
[['VBN', 'required'], ['NN', 'encryption'], ['ADD', 'algorithm']],
[['RB', 'slightly'], ['JJ', 'different'], ['NN', 'algorithm']],
[['VBG', 'parsing'], ['RB', 'algorithm']],
[['JJ', 'key'], ['NN', 'wrap'], ['RB', 'algorithm']],
[['VBG', 'underlying'], ['RB', 'algorithm']],
[['JJ', 'available'], ['NN', 'algorithm']],
[['JJ', 'sophisticated'], ['NN', 'algorithm']],
[['NN', 'index'], ['ADD', 'algorithm']],
[['NNS', 'bits'], ['RB', 'algorithm']],
[['VBN', 'given'], ['NN', 'digest'], ['RB', 'algorithm']],
[['NN', 'array'], ['ADD', 'algorithm']],
[['NN', 'code'], ['ADD', 'algorithm']],
[['NN', 'value'], [',', 'p'], ['NN', 'search'], ['NN', 'search'], ['VBN', 'performed'], ['JJ', 'binary'], ['NN', 'search'], ['NN', 'search'], ['ADD', 'algorithm']],
[['JJ', 'general'], ['ADD', 'algorithm']],
[['NN', 'test'], ['ADD', 'algorithm']],
[['NN', 'frontend'], ['NN', 'search'], ['NN', 'algorithm']],
[['NN', 'message'], ['NN', 'authentication'], ['ADD', 'algorithm']],
[['NNP', 'lowspace'], ['ADD', 'algorithm']],
[['NNP', 'ae'], ['ADD', 'algorithm']],
[['NN', 'reader'], ['ADD', 'algorithm']],
[['NN', 'use'], ['NN', 'division'], ['NN', 'algorithm']],
[['NFP', 'kpp'], ['ADD', 'algorithm']],
[['NNS', 'nlms'], ['ADD', 'algorithm']],
[['LS', 'onepass'], ['ADD', 'algorithm']],
[['NN', 'berlekamp'], ['NN', 'trace'], ['NN', 'algorithm']],
[['NFP', 'wrr'], ['ADD', 'algorithm']],
[['VBN', 'algname'], ['ADD', 'algorithm']],
[['NN', 'firstfit'], ['ADD', 'algorithm']],
[['NNS', 'knuths'], ['RB', 'algorithm']],
[['NN', 'decryption'], ['ADD', 'algorithm']],
[['NFP', 'rng'], ['ADD', 'algorithm']],
[['VBG', 'throttling'], ['RB', 'algorithm']],
[['NN', 'mac'], ['ADD', 'algorithm']],
[['LS', 'sha256'], ['JJ', 'secure'], ['NN', 'hash'], ['ADD', 'algorithm']],
[['NN', 'reconstruction'], ['ADD', 'algorithm']],
[['NN', 'multiplication'], ['ADD', 'algorithm']],
[['NFP', 'fft'], ['ADD', 'algorithm']],
[['VBG', 'filtering'], ['RB', 'algorithm']],
[['VB', 'mask'], ['ADD', 'algorithm']],
[['NNS', 'euclids'], ['RB', 'algorithm']],
[['NN', 'success'], ['ADD', 'algorithm']],
[['VB', 'inverse'], ['RB', 'algorithm']],
[['NNP', 'multi'], ['NN', 'buffer'], ['CD', 'sha256'], ['ADD', 'algorithm']],
[['NN', 'transcription'], ['ADD', 'algorithm']],
[['NN', 'comparison'], ['ADD', 'algorithm']],
[['NN', 'channel'], ['NN', 'estimation'], ['ADD', 'algorithm']],
[['NNS', 'restrictions'], ['RB', 'currently'], ['VBP', 'file'], ['NN', 'create'], ['NN', 'permission'], ['NN', 'usrtmp'], ['NN', 'memory'], ['TO', 'na'], ['RB', 'algorithm']],
[['VBN', 'published'], ['RB', 'algorithm']],
[['JJ', 'blowfish'], ['RB', 'algorithm']],
[['NN', 'removal'], ['ADD', 'algorithm']],
[['NNS', 'aes'], ['RB', 'cipher'], ['ADD', 'algorithm']],
[['VBZ', 'aes'], ['JJ', 'key'], ['NN', 'wrap'], ['RB', 'algorithm']],
[['JJ', 'generic'], ['ADD', 'algorithm']],
[['IN', 'inside'], ['RB', 'algorithm']],
[['VB', 'fetch'], ['RB', 'algorithm']],
[['NNP', 'queue'], ['NN', 'depth'], ['RB', 'algorithm']],
[['NN', 'distribution'], ['NN', 'algorithm']],
[['NN', 'iteration'], ['ADD', 'algorithm']],
[['CD', 'on2'], ['ADD', 'algorithm']],
[['NN', 'implementation'], ['VBN', 'based'], ['ADD', 'algorithm']],
[['JJ', 'good'], ['RB', 'algorithm']],
[['NN', 'instance'], ['VBP', 'implement'], ['NNS', 'features'], ['JJ', 'specific'], ['JJ', 'particular'], ['NN', 'algorithm']],
[['NNS', 'parameters'], ['ADD', 'algorithm']],
[['JJ', 'sure'], ['ADD', 'algorithm']],
[['VBG', 'depending'], ['RB', 'algorithm']],
[['VB', 'run'], ['NN', 'append'], ['NN', 'error'], ['ADD', 'algorithm']],
[['VB', 'create'], ['RB', 'algorithm']],
[['JJ', 'internal'], ['NN', 'algorithm']],
[['NNS', 'data'], ['NN', 'structure'], ['ADD', 'algorithm']],
[['NFP', 'h'], ['ADD', 'algorithm']],
[['NN', 'length'], ['VBN', 'given'], ['NN', 'algorithm']],
[['NN', 'length'], ['RB', 'algorithm']],
[['JJ', 'quick'], ['VBG', 'seeking'], ['RB', 'algorithm']],
[['CD', '2'], ['ADD', 'algorithm']],
[['NN', 'output'], ['ADD', 'algorithm']],
[['RB', 'fast'], ['ADD', 'algorithm']],
[['RBR', 'faster'], ['ADD', 'algorithm']],
[['NN', 'information'], ['ADD', 'algorithm']],
[['NN', 'loop'], ['ADD', 'algorithm']],
[['NNS', 'bytes'], ['ADD', 'algorithm']],
[['VB', 'use'], ['JJ', 'special'], ['NN', 'reme'], ['ADD', 'algorithm']],
[['NNP', 'modeline'], ['VBN', 'based'], ['.', 'cvt'], ['RB', 'algorithm']],
[['VBP', 'need'], ['VB', 'run'], ['VBG', 'following'], ['RB', 'algorithm']],
[['NFP', 'hc'], ['ADD', 'algorithm']],
[['VBG', 'softlanding'], ['RB', 'algorithm']],
[['JJ', 'keyagreement'], ['NN', 'protocol'], ['JJ', 'primitive'], ['ADD', 'algorithm']],
[['VB', 'signaturehash'], ['ADD', 'algorithm']],
[['JJ', 'red'], ['RB', 'algorithm']],
[['VBD', 'requested'], ['RB', 'algorithm']],
[['NN', 'integrity'], ['ADD', 'algorithm']],
[['JJ', 'logical'], ['JJ', 'visual'], ['NNS', 'bidi'], ['ADD', 'algorithm']],
[['VBG', 'snapping'], ['RB', 'algorithm']],
[['NN', 'approximation'], ['NN', 'inverse'], ['NN', 'bidi'], ['ADD', 'algorithm']],
[['VBN', 'provided'], ['RB', 'algorithm']],
[['RB', 'far'], ['ADD', 'algorithm']],
[['VB', 'run'], ['.', 'fg'], ['ADD', 'algorithm']],
[['VB', 'run'], ['JJ', 'downward'], ['NN', 'propagation'], ['NN', 'algorithm']],
[['VB', 'create'], ['NN', 'modeline'], ['VBN', 'based'], ['NNP', 'gtf'], ['ADD', 'algorithm']],
[['VB', 'perform'], ['NN', 'inverse'], ['NNS', 'bidi'], ['ADD', 'algorithm']],
[['JJ', 'valid'], ['NN', 'hash'], ['NN', 'algorithm']],
[['LS', 'slicingby8'], ['RB', 'algorithm']],
[['NNP', 'berlekampmassey'], ['ADD', 'algorithm']],
[['VB', 'xxhash'], ['RB', 'extremely'], ['JJ', 'fast'], ['NN', 'hash'], ['NN', 'algorithm']],
[['UH', 'readahead'], ['ADD', 'algorithm']],
[['NN', 'dongle'], ['VBG', 'warning'], ['NN', 'function'], ['VBN', 'called'], ['NN', 'process'], ['NN', 'context'], ['ADD', 'algorithm']],
[['NN', 'dongle'], ['RB', 'algorithm']],
[['VBN', 'disconnected'], ['NN', 'antenna'], ['NN', 'algorithm']],
[['NNP', 'bch'], ['ADD', 'algorithm']],
[['NN', 'chrominance'], ['JJ', 'horizontal'], ['NN', 'algorithm']],
[['NN', 'exposure'], ['ADD', 'algorithm']],
[['NN', 'raid'], ['RB', 'algorithm']],
[['JJ', 'thermal'], ['NN', 'throttling'], ['NN', 'algorithm']],
[['UH', 'goertzel'], ['ADD', 'algorithm']],
[['NN', 'authtype'], ['NN', 'authentication'], ['NN', 'type'], ['RB', 'algorithm']],
[['NFP', 'ccm'], ['ADD', 'algorithm']],
[['NNP', 'pid'], ['ADD', 'algorithm']],
[['NN', 'glue'], ['NN', 'code'], ['CD', 'sha256'], ['JJ', 'secure'], ['NN', 'hash'], ['ADD', 'algorithm']],
[['NNP', 'bulkkey'], ['ADD', 'algorithm']],
[['JJS', 'strongest'], ['JJ', 'available'], ['NN', 'algorithm']],
[['NFP', 'roundrobin'], ['ADD', 'algorithm']],
[['VBG', 'doubling'], ['RB', 'algorithm']],
[['JJ', 'refined'], ['NN', 'soundex'], ['NN', 'algorithm']],
[['NFP', 'caverphone'], ['ADD', 'algorithm']],
[['NNP', 'divideandconquer'], ['ADD', 'algorithm']],
[['VBG', 'tuning'], ['RB', 'algorithm']],
[['NNS', 'usages'], ['RB', 'algorithm']],
[['NNP', 'levinson'], ['NFP', 'durbin'], ['ADD', 'algorithm']],
[['JJ', 'greedy'], ['ADD', 'algorithm']],
[['VB', 'inflate'], ['ADD', 'algorithm']],
[['NNP', 'llm'], ['ADD', 'algorithm']],
[['VBG', 'painting'], ['ADD', 'algorithm']],
[['CD', 'md5'], ['NN', 'message'], ['NN', 'digest'], ['ADD', 'algorithm']],
[['VBG', 'warning'], ['RB', 'algorithm']],
[['NNP', 'rsa'], ['ADD', 'algorithm']],
[['NN', 'model'], ['NN', 'algorithm']],
[['VBG', 'searching'], ['RB', 'algorithm']],
[['NN', 'window'], ['ADD', 'algorithm']],
[['VB', 'save'], ['ADD', 'algorithm']],
[['JJ', 'visual'], ['JJ', 'logical'], ['RB', 'algorithm']],
[['NN', 'setup'], ['ADD', 'algorithm']],
[['NN', 'variance'], ['ADD', 'algorithm']],
[['JJ', 'bad'], ['ADD', 'algorithm']],
[['JJ', 'private'], ['NN', 'key'], ['NN', 'algorithm']],
[['NNP', 'multi'], ['NN', 'buffer'], ['NN', 'sha1'], ['NN', 'algorithm']],
[['NNP', 'bentleyottmann'], ['ADD', 'algorithm']],
[['NN', 'decompression'], ['ADD', 'algorithm']],
[['JJ', 'partial'], ['NN', 'match'], ['ADD', 'algorithm']],
[['NFP', 'hashalg'], ['NN', 'hash'], ['NN', 'algorithm']],
[['NNS', 'matches'], ['ADD', 'algorithm']],
[['JJ', 'port'], ['NN', 'detection'], ['ADD', 'algorithm']],
[['NN', 'channel'], ['NN', 'selection'], ['ADD', 'algorithm']],
[['NN', 'gain'], ['ADD', 'algorithm']],
[['NNS', 'restrictions'], ['RB', 'algorithm']],
[['NNP', 'scc'], ['ADD', 'algorithm']],
[['NNS', 'heres'], ['ADD', 'algorithm']],
[['VBZ', 'runs'], ['RB', 'algorithm']],
[['NN', 'construction'], ['ADD', 'algorithm']],
[['NNP', 'webcrypto'], ['ADD', 'algorithm']],
[['NN', 'hardware'], ['ADD', 'algorithm']],
[['VB', 'append'], ['RB', 'algorithm']],
[['VB', 'execute'], ['RB', 'algorithm']],
[['VB', 'apply'], ['NN', 'unicode'], ['NN', 'bidi'], ['NN', 'algorithm']],
[['NN', 'path'], ['RB', 'algorithm']],
[['NNP', 'todo'], ['ADD', 'algorithm']],
[['JJ', 'direct'], ['NN', 'transcription'], ['ADD', 'algorithm']],
[['VBG', 'according'], ['VBG', 'following'], ['RB', 'algorithm']],
[['VBG', 'according'], ['NN', 'unicode'], ['JJ', 'bidirectional'], ['NN', 'algorithm']],
[['VBG', 'implementing'], ['RB', 'algorithm']],
[['VBN', 'coded'], ['NN', 'frame'], ['NN', 'processing'], ['RB', 'algorithm']],
[['JJ', 'alternative'], ['ADD', 'algorithm']],
[['JJ', 'safe'], ['ADD', 'algorithm']],
[['NN', 'work'], ['ADD', 'algorithm']],
[['VBG', 'running'], ['.', 'fg'], ['ADD', 'algorithm']],
[['NN', 'position'], ['VBG', 'seeking'], ['RB', 'algorithm']],
[['VB', 'merge'], ['RB', 'sort'], ['RB', 'algorithm']],
[['NNS', 'structures'], ['ADD', 'algorithm']],
[['NNP', 'mergesort'], ['ADD', 'algorithm']],
[['NN', 'insertion'], ['RB', 'sort'], ['RB', 'algorithm']],
[['JJ', 'linear'], ['RB', 'algorithm']],
[['NN', 'region'], ['NN', 'datastream'], ['NN', 'return'], ['NN', 'value'], ['RB', 'befsok'], ['NN', 'blockrun'], ['VBD', 'found'], ['.', 'befserr'], ['ADD', 'algorithm']],
[['NN', 'purpose'], ['ADD', 'algorithm']],
[['NFP', 'p'], ['ADD', 'algorithm']],
[['VBN', 'weighted'], ['RB', 'round'], ['NN', 'robin'], ['NN', 'scheduling'], ['ADD', 'algorithm']],
[['VB', 'start'], ['RB', 'algorithm']],
[['CD', '5'], ['ADD', 'algorithm']],
[['VBZ', 'represents'], ['RB', 'algorithm']],
[['JJ', 'common'], ['ADD', 'algorithm']],
[['JJ', 'complicated'], ['RB', 'algorithm']],
[['VBZ', 'describes'], ['RB', 'algorithm']],
[['VB', 'verify'], ['ADD', 'algorithm']],
[['JJ', 'dynamic'], ['NN', 'jitter'], ['NN', 'algorithm']],
[['NNS', 'functions'], ['RB', 'algorithm']],
[['NN', 'example'], ['ADD', 'algorithm']],
[['NN', 'collation'], ['ADD', 'algorithm']],
[['NN', 'field'], ['ADD', 'algorithm']],
[['NNS', 'changes'], ['RB', 'algorithm']],
[['JJ', 'key'], ['NN', 'length'], ['VBN', 'given'], ['NN', 'algorithm']],
[['JJ', 'key'], ['NN', 'length'], ['ADD', 'algorithm']],
[['NN', 'buffer'], ['VBN', 'allocated'], ['IN', 'inside'], ['RB', 'algorithm']],
[['VB', 'determine'], ['RB', 'algorithm']],
[['VBG', 'resulting'], ['RB', 'algorithm']],
[['JJ', 'persistent'], ['NN', 'session'], ['NN', 'type'], ['NN', 'algorithm']],
[['NN', 'parameter'], ['ADD', 'algorithm']],
[['VBG', 'setting'], ['RB', 'algorithm']],
[['VB', 'run'], ['RB', 'algorithm']],
[['RB', 'close'], ['ADD', 'algorithm']],
[['VB', 'bestfit'], ['ADD', 'algorithm']],
[['VBG', 'rendering'], ['RB', 'algorithm']],
[['NNS', 'data'], ['CD', '1'], ['CD', 'sha512'], ['NN', 'hash'], ['NN', 'algorithm']],
[['VBP', 'include'], ['RB', 'algorithm']],
[['NN', 'version'], ['ADD', 'algorithm']],
[['VB', 'implement'], ['RB', 'algorithm']],
[['NNS', 'uses'], ['VBG', 'following'], ['RB', 'algorithm']],
[['CD', '1'], ['NN', 'r'], ['NNS', 'uses'], ['NN', 'algorithm']],
[['NN', 'retry'], ['ADD', 'algorithm']],
[['NN', 'range'], ['NN', 'removal'], ['ADD', 'algorithm']],
[['CD', '8'], ['ADD', 'algorithm']],
[['VBN', 'given'], ['NN', 'hash'], ['RB', 'algorithm']],
[['NN', 'time'], ['ADD', 'algorithm']],
[['VBN', 'specified'], ['NN', 'hash'], ['NN', 'algorithm']],
[['NNS', 'returns'], ['JJ', 'false'], ['NN', 'algorithm']],
[['NN', 'number'], ['ADD', 'algorithm']],
[['VBG', 'scanning'], ['RB', 'algorithm']],
[['JJ', 'proper'], ['ADD', 'algorithm']],
[['VBG', 'caching'], ['RB', 'algorithm']],
[['NN', 'size'], ['NN', 'hash'], ['NN', 'algorithm']],
[['NN', 'computation'], ['ADD', 'algorithm']],
[['NFP', 'xxx'], ['ADD', 'algorithm']],
[['NN', 'documentation'], ['ADD', 'algorithm']],
[['NN', 'class'], [',', 'h'], ['NN', 'algorithm']],
[['VBN', 'sed'], ['RB', 'algorithm']],
[['VBG', 'roaming'], ['RB', 'algorithm']],
[['UH', 'rssi'], ['VBG', 'averaging'], ['RB', 'algorithm']],
[['NN', 'air'], ['NN', 'algorithm']],
[['NN', 'multistage'], ['NN', 'filter'], ['ADD', 'algorithm']],
[['NNP', 'rotlcrc'], ['ADD', 'algorithm']],
[['NNP', 'khazad'], ['ADD', 'algorithm']],
[['UH', 'anubis'], ['ADD', 'algorithm']],
[['NFP', 'aead'], ['ADD', 'algorithm']],
[['CD', 'pkcs12'], ['ADD', 'algorithm']],
[['NFP', 'ec'], ['ADD', 'algorithm']],
[['NN', 'iklner'], ['NN', 'phonetiki'], ['ADD', 'algorithm']],
[['NN', 'codedefaultcode'], ['ADD', 'algorithm']],
[['LS', 'fifo'], ['NN', 'allocation'], ['NN', 'algorithm']],
[['JJ', 'composite'], ['ADD', 'algorithm']],
[['NNP', 'linesweep'], ['RB', 'algorithm']],
[['NFP', 'lzw'], ['ADD', 'algorithm']],
[['JJ', 'phonetic'], ['ADD', 'algorithm']],
[['NNP', 'bidi'], ['NNS', 'bidi'], ['NN', 'object'], ['VBN', 'set'], ['VB', 'perform'], ['NN', 'inverse'], ['NNP', 'bidi'], ['NNS', 'bidi'], ['ADD', 'algorithm']],
[['VB', 'rerun'], ['JJ', 'downward'], ['NN', 'propagation'], ['NN', 'algorithm']],
[['LS', 'bdi'], ['NN', 'element'], ['VBN', 'run'], ['VBG', 'following'], ['RB', 'algorithm']],
[['NNS', 'flags'], ['VBP', 'set'], ['NN', 'rate'], ['NN', 'control'], ['NN', 'algorithm']],
[['NNS', 'prims'], ['RB', 'algorithm']],
[['NNP', 'floydwarshall'], ['ADD', 'algorithm']],
[['NNS', 'dijkstras'], ['ADD', 'algorithm']],
[['NNS', 'objects'], ['VBP', 'hash'], ['NN', 'algorithm']],
[['NNS', 'sections'], ['NN', 'order'], ['JJ', 'symmetric'], ['NN', 'encryption'], ['ADD', 'algorithm']],
[['JJ', 'secure'], ['NN', 'context'], ['RB', 'algorithm']],
[['NN', 'example'], ['RB', 'far'], ['ADD', 'algorithm']],
[['VBN', 'described'], ['VBN', 'specified'], ['RB', 'algorithm']],
[['JJ', 'key'], ['NN', 'type'], ['NN', 'hash'], ['NN', 'algorithm']],
[['VBN', 'invoked'], ['RB', 'algorithm']],
[['NNS', 'data'], ['NN', 'integrity'], ['NN', 'algorithm']],
[['JJ', 'optional'], ['JJ', 'key'], ['VBG', 'hashing'], ['NN', 'algorithm']],
[['NN', 'size'], ['VBD', 'evaluated'], ['NN', 'default'], ['NN', 'sizing'], ['ADD', 'algorithm']],
[['LS', 'c'], ['NN', 'quantization'], ['ADD', 'algorithm']],
[['JJ', 'lossy'], ['VBG', 'counting'], ['ADD', 'algorithm']],
[['VBZ', 'karns'], ['GW', 'algorithm']],
[['NNP', 'evenodd'], ['ADD', 'algorithm']],
[['NN', 'avoidance'], ['RB', 'algorithm']],
[['VB', 'costbenefit'], ['ADD', 'algorithm']],
[['VB', 'retvalhash'], ['ADD', 'algorithm']],
[['NN', 'gcmp'], ['NN', 'encryption'], ['ADD', 'algorithm']],
[['NN', 'tkip'], ['NN', 'encryption'], ['ADD', 'algorithm']],
[['NNP', 'wep'], ['NN', 'encryption'], ['ADD', 'algorithm']],
[['NNP', 'ani'], ['ADD', 'algorithm']],
[['VBG', 'queuing'], ['RB', 'algorithm']],
[['NNP', 'aealgo'], ['NNP', 'ae'], ['ADD', 'algorithm']],
[['NNS', 'ets'], ['RB', 'algorithm']],
[['NN', 'knee'], ['ADD', 'algorithm']],
[['CD', 'raid5'], ['RB', 'algorithm']],
[['NN', 'recovery'], ['ADD', 'algorithm']],
[['GW', 'vl'], ['NN', 'auto'], ['NN', 'algorithm']],
[['JJ', 'gory'], ['NNS', 'details'], ['NN', 'eviction'], ['NNP', 'algorithm']],
[['NN', 'authalgauthentication'], ['ADD', 'algorithm']],
[['NN', 'mutex'], ['ADD', 'algorithm']],
[['NN', 'bus'], ['ADD', 'algorithm']],
[['UH', 'rocksofttm'], ['NN', 'model'], ['NN', 'crc'], ['ADD', 'algorithm']],
[['NN', 'intel'], ['VBN', 'smartspeed'], ['RB', 'algorithm']],
[['NN', 'expiration'], ['ADD', 'algorithm']],
[['JJ', 'asymmetric'], ['NNP', 'publickey'], ['RB', 'algorithm']],
[['NNS', 'barretts'], ['ADD', 'algorithm']],
[['NN', 'digestinfo'], ['NNS', 'identifies'], ['VBN', 'given'], ['NN', 'digest'], ['ADD', 'algorithm']],
[['NNS', 'oids'], ['ADD', 'algorithm']],
[['NN', 'der'], ['VBD', 'encoded'], ['RB', 'algorithm']],
[['NN', 'tag'], ['ADD', 'algorithm']],
[['UH', 'retransmit'], ['ADD', 'algorithm']],
[['NN', 'initval'], ['ADD', 'httpburtleburtlenetbobhashevahashhtml'], ['NN', 'information'], ['NN', 'hash'], ['NN', 'function'], ['ADD', 'algorithm']],
[['JJ', 'cordic'], ['ADD', 'algorithm']],
[['NNP', 'dsa'], ['ADD', 'algorithm']],
[['JJ', 'lossless'], ['NN', 'compression'], ['ADD', 'algorithm']],
[['VB', 'pick'], ['RBS', 'best'], ['ADD', 'algorithm']],
[['NN', 'bucket'], ['RB', 'algorithm']],
[['NN', 'transmission'], ['NN', 'selection'], ['ADD', 'algorithm']],
[['NN', 'synchronization'], ['ADD', 'algorithm']],
[['NFP', 'q'], ['ADD', 'algorithm']],
[['NNS', 'packets'], ['RB', 'algorithm']],
[['VB', 'increase'], ['ADD', 'algorithm']],
[['NN', 'progress'], ['RB', 'algorithm']],
[['NFP', 'gc'], ['ADD', 'algorithm']],
[['CD', '711'], ['JJ', 'second'], ['RB', 'algorithm']],
[['NN', 'programming'], ['RB', 'algorithm']],
[['CD', 'h2bidi'], ['ADD', 'algorithm']],
[['NN', 'sense'], ['ADD', 'algorithm']],
[['JJ', 'optimal'], ['NN', 'algorithm']],
[['VBG', 'linebreaking'], ['RB', 'algorithm']],
[['NNS', 'samples'], ['RB', 'algorithm']],
[['CD', '15'], ['ADD', 'algorithm']],
[['VB', 'simplify'], ['ADD', 'algorithm']],
[['NN', 'heap'], ['RB', 'sort'], ['RB', 'algorithm']],
[['VBG', 'antialiasing'], ['RB', 'algorithm']],
[['NN', 'variant'], ['NNS', 'bidi'], ['ADD', 'algorithm']],
[['VBG', 'combining'], ['RB', 'algorithm']],
[['NN', 'design'], ['NNS', 'goals'], ['NN', 'code'], ['RB', 'fast'], ['ADD', 'algorithm']],
[['VB', 'sign'], ['RB', 'algorithm']],
[['NNP', 'multi'], ['NN', 'buffer'], ['CD', 'sha512'], ['NN', 'algorithm']],
[['NN', 'paper'], ['NN', 'algorithm']],
[['NNP', 'blur'], ['RB', 'algorithm']],
[['VB', 'activate'], ['NN', 'lowspace'], ['ADD', 'algorithm']],
[['NN', 'clock'], ['NN', 'divider'], ['ADD', 'algorithm']],
[['NN', 'clock'], ['NN', 'sweep'], ['RB', 'algorithm']],
[['NN', 'clock'], ['ADD', 'algorithm']],
[['VB', 'modify'], ['ADD', 'algorithm']],
[['NN', 'duration'], ['NN', 'change'], ['NN', 'algorithm']],
[['NNP', 'audiovideo'], ['NN', 'type'], ['ADD', 'algorithm']],
[['JJ', 'advanced'], ['JJ', 'thermal'], ['NN', 'throttling'], ['NN', 'algorithm']],
[['VB', 'reset'], ['RB', 'algorithm']],
[['NN', 'hmac'], ['NN', 'hmac'], ['RBS', 'digest'], ['VBN', 'desired'], ['JJ', 'hash'], ['JJ', 'key'], ['NN', 'text'], ['NN', 'hmac'], ['NN', 'hmac'], ['NNP', 'algorithm']],
[['NN', 'usage'], ['ADD', 'algorithm']],
[['NN', 'base'], ['ADD', 'algorithm']],
[['VBN', 'distributed'], ['RB', 'algorithm']],
[['NNP', 'rerun'], ['ADD', 'algorithm']],
[['VB', 'fail'], ['ADD', 'algorithm']],
[['NN', 'traversal'], ['ADD', 'algorithm']],
[['JJ', 'basic'], ['NN', 'insertion'], ['ADD', 'algorithm']],
[['NNP', 'queue'], ['VBG', 'running'], ['.', 'fg'], ['ADD', 'algorithm']],
[['NN', 'idea'], ['ADD', 'algorithm']],
[['NN', 'loss'], ['NN', 'model'], ['NN', 'algorithm']],
[['VBN', 'extended'], ['NN', 'cipher'], ['RB', 'algorithm']],
[['NFP', 'rfc'], ['CD', '7396'], ['NN', 'mergepatch'], ['NNP', 'algorithm']],
[['JJ', 'necessary'], ['ADD', 'algorithm']],
[['JJ', 'efficient'], ['NN', 'algorithm']],
[['VB', 'merge'], ['VB', 'join'], ['NN', 'algorithm']],
[['NN', 'command'], ['ADD', 'algorithm']],
[['NNS', 'results'], ['RB', 'algorithm']],
[['JJ', 'stable'], ['VBG', 'sorting'], ['RB', 'algorithm']],
[['VBZ', 'makes'], ['RB', 'algorithm']],
[['NN', 'mapping'], ['RB', 'algorithm']],
[['NN', 'hash'], ['NN', 'hash'], ['NN', 'hash'], ['NN', 'hash'], ['NN', 'algorithm']],
[['NN', 'network'], ['NN', 'simplex'], ['NN', 'algorithm']],
[['NN', 'support'], ['ADD', 'algorithm']],
[['JJ', 'slow'], ['NN', 'start'], ['RB', 'algorithm']],
[['NN', 'image'], ['VBG', 'snapping'], ['ADD', 'algorithm']],
[['CD', '100'], ['ADD', 'algorithm']],
[['NN', 'implementation'], ['JJ', 'secure'], ['NN', 'hash'], ['RB', 'algorithm']],
[['JJ', 'random'], ['NNS', 'bytes'], ['VBN', 'required'], ['NN', 'encryption'], ['ADD', 'algorithm']],
[['JJ', 'dynamic'], ['ADD', 'algorithm']],
[['NN', 'step'], ['RB', 'algorithm']],
[['NN', 'page'], ['NNS', 'allocators'], ['NN', 'buddy'], ['ADD', 'algorithm']],
[['NN', 'instance'], ['ADD', 'algorithm']],
[['RB', 'usually'], ['ADD', 'algorithm']],
[['NNS', 'constraints'], ['ADD', 'algorithm']],
[['JJ', 'key'], ['NN', 'hash'], ['NN', 'algorithm']],
[['VB', 'buffer'], ['RB', 'algorithm']],
[['NN', 'allocator'], ['ADD', 'algorithm']],
[['VBD', 'added'], ['RB', 'algorithm']],
[['NN', 'block'], ['VBG', 'matching'], ['RB', 'algorithm']],
[['VBG', 'depending'], ['NN', 'hash'], ['NN', 'algorithm']],
[['JJ', 'old'], ['ADD', 'algorithm']],
[['NN', 'invoke'], ['NN', 'update'], ['RB', 'algorithm']],
[['NN', 'analysis'], ['ADD', 'algorithm']],
[['JJ', 'disable'], ['NNS', 'nagles'], ['ADD', 'algorithm']],
[['NN', 'delay'], ['ADD', 'algorithm']],
[['CD', '10'], ['ADD', 'algorithm']],
[['NN', 'null'], ['ADD', 'algorithm']],
[['NN', 'performance'], ['ADD', 'algorithm']],
[['NN', 'point'], ['RB', 'algorithm']],
[['VBN', 'based'], ['VBN', 'given'], ['NN', 'key'], ['ADD', 'algorithm']],
[['JJ', 'accurate'], ['ADD', 'algorithm']],
[['JJ', 'current'], ['NN', 'hash'], ['NN', 'algorithm']],
[['JJR', 'integer'], ['ADD', 'algorithm']],
[['NN', 'graph'], ['ADD', 'algorithm']],
[['NN', 'error'], ['VBZ', 'occurs'], ['RB', 'algorithm']],
[['NN', 'reference'], ['ADD', 'algorithm']],
[['NN', 'function'], ['VBG', 'charging'], ['RB', 'algorithm']],
[['VBD', 'passed'], ['RB', 'algorithm']],
[['JJ', 'true'], ['ADD', 'algorithm']],
[['NNS', 'requests'], ['RB', 'algorithm']],
[['VB', 'transform'], ['RB', 'algorithm']],
[['VBG', 'remaining'], ['RB', 'algorithm']],
[['NNS', 'data'], ['VBD', 'pointed'], ['NN', 'src'], ['NN', 'buffer'], ['NN', 'pointer'], ['JJS', 'dest'], ['CD', 'base64'], ['ADD', 'algorithm']],
[['RB', 'n'], ['ADD', 'algorithm']],
[['VBG', 'overlapping'], ['NN', 'location'], ['VBZ', 'determines'], ['JJ', 'wide'], ['NN', 'window'], ['ADD', 'algorithm']],
[['RB', 'boyermoore'], ['NN', 'majority'], ['NN', 'vote'], ['ADD', 'algorithm']],
[['RB', 'overall'], ['ADD', 'algorithm']],
[['VBN', 'given'], ['PRP', 'kpp'], ['ADD', 'algorithm']],
[['VBZ', 'contains'], ['RB', 'algorithm']],
[['NN', 'entry'], ['ADD', 'algorithm']],
[['NN', 'replacement'], ['ADD', 'algorithm']],
[['NN', 'default'], ['NN', 'scheduling'], ['RB', 'algorithm']],
[['NN', 'list'], ['ADD', 'algorithm']],
[['NN', 'class'], ['NN', 'algorithm']],
[['NNP', 'bubblesort'], ['ADD', 'algorithm']],
[['RB', 'sort'], ['RB', 'sort'], ['RB', 'algorithm']],
[['VB', 'use'], ['NN', 'hash'], ['NN', 'algorithm']],
